平林 克実,ひらばやし かつみ,Male,79,1937/4/9,既婚,富山県,090-2031-2897,ドコモ
榊原 竜也,さかきばら たつや,Male,38,1977/10/31,既婚,富山県,090-8673-3689,ドコモ
中島 鉄二,なかじま てつじ,Male,58,1957/11/7,既婚,佐賀県,090-2064-1343,au
太田 将也,おおた まさや,Male,66,1950/5/15,既婚,東京都,090-8833-5274,ドコモ
中島 照生,なかしま てるお,Male,55,1961/7/6,既婚,京都府,090-6382-6530,au
松谷 優,まつたに ゆう,Female,40,1976/7/15,未婚,新潟県,090- 305-3563,au
浅野 豊,あさの ゆたか,Male,79,1937/6/18,既婚,埼玉県,090-7638-5736,ドコモ
徳永 康文,とくなが やすふみ,Male,27,1989/4/6,未婚,埼玉県,080-3685-6589,au
井手 草太,いで そうた,Male,31,1984/12/23,既婚,埼玉県,090-2446-8160,au
小室 あおい,こむろ あおい,Female,44,1972/8/18,既婚,佐賀県,080-1649- 480,ソフトバンク
矢田 真希,やだ まき,Female,47,1969/3/19,未婚,千葉県,080-9316-5563,ドコモ
仲村 啓介,なかむら けいすけ,Male,23,1993/2/17,未婚,北海道,080-2469-3914,ドコモ
米倉 三省,よねくら さんせい,Male,31,1985/7/18,未婚,埼玉県,080-2249-9815,ドコモ
横田 涼,よこた りょう,Female,76,1939/10/29,既婚,大阪府,080-7073-2634,ソフトバンク
加藤 花,かとう はな,Female,41,1975/5/30,既婚,香川県,080-4700-8488,ドコモ
薬師丸 将也,やくしまる まさや,Male,22,1993/11/4,未婚,富山県,080-9841-5090,ドコモ
筒井 しぼり,つつい しぼり,Female,31,1985/3/19,未婚,宮城県,090- 385-3092,ソフトバンク
中島 慎之介,なかじま しんのすけ,Male,68,1948/3/2,既婚,熊本県,090-7963-7214,ドコモ
柴咲 米蔵,しばさき よねぞう,Male,32,1983/10/12,既婚,長崎県,080-7520-7610,ドコモ
日下部 はるか,くさかべ はるか,Female,57,1959/7/17,既婚,埼玉県,080-2367-6095,ドコモ
田沢 幸平,たざわ こうへい,Male,22,1993/10/19,未婚,千葉県,090-1737-7806,ドコモ
並木 大,なみき まさる,Male,47,1969/5/13,既婚,神奈川県,080-4772-8620,au
阿部 サンタマリア,あべ さんたまりあ,Female,24,1992/2/13,未婚,神奈川県,080-9922-4222,au
遠藤 朝香,えんどう あさか,Female,25,1991/9/5,未婚,広島県,090- 429-2285,ドコモ
志水 みき,しみず みき,Female,80,1936/1/29,既婚,福島県,090-2727-3943,ドコモ
宇野 智花,うの ともか,Female,35,1980/12/14,既婚,福岡県,080-4587-1071,ドコモ
石田 エリカ,いしだ えりか,Female,54,1962/1/15,既婚,大阪府,090-7404-8085,ドコモ
松原 菜摘,まつばら なつみ,Female,22,1993/11/24,未婚,東京都,080-2569-9773,ドコモ
多部 まひる,たべ まひる,Female,68,1947/12/4,既婚,新潟県,090-4971-3435,au
宮内 友香,みやうち ともか,Female,62,1954/9/5,既婚,岩手県,090-8695-5244,ソフトバンク
赤羽 春樹,あかばね はるき,Female,50,1966/1/1,既婚,岩手県,080-6520-7967,ドコモ
水嶋 裕次郎,みずしま ゆうじろう,Male,58,1957/11/10,既婚,沖縄県,090-8031-2871,ツーカー
吉崎 さやか,よしざき さやか,Female,62,1954/5/6,既婚,大阪府,080-2687- 790,au
真田 恵美,さなだ めぐみ,Female,54,1961/11/9,既婚,福岡県,090-7149-1099,ソフトバンク
菊池 惇,きくち じゅん,Male,36,1980/2/13,既婚,大分県,080-7976-7744,ドコモ
渡部 進,わたべ すすむ,Male,54,1962/4/29,既婚,福井県,080-5723-5964,ドコモ
奥野 寿明,おくの としあき,Male,54,1962/7/15,既婚,宮崎県,080-7750-4099,ドコモ
森島 知史,もりしま ともふみ,Male,54,1962/7/16,既婚,神奈川県,080-9827-1543,ドコモ
小林 結衣,こばやし ゆい,Female,40,1976/7/17,既婚,大阪府,090- 219-5812,ドコモ
日下 沙耶,ひのした さや,Female,51,1965/1/7,既婚,兵庫県,080- 367- 736,ドコモ
西原 彩,にしはら あや,Female,53,1963/4/24,既婚,大阪府,090-8736- 432,ドコモ
毛利 文世,もうり ふみよ,Female,55,1960/10/11,未婚,福島県,080-5966-4066,ドコモ
羽田 大,はた まさる,Male,40,1976/5/10,既婚,山口県,090-1159-8106,ドコモ
桜田 はるか,さくらだ はるか,Female,40,1976/2/1,既婚,千葉県,080-9050-2141,ソフトバンク
赤松 美佐,あかまつ みさ,Female,30,1986/7/13,既婚,埼玉県,080-2837-2164,au
田原 みあ,たはら みあ,Female,58,1958/4/26,既婚,京都府,090-6679-  14,ドコモ
広田 洋,ひろた よう,Male,69,1947/4/9,既婚,大阪府,090-8122-7483,ドコモ
岩淵 ヒロ,いわぶち ひろ,Male,35,1981/4/3,既婚,静岡県,090-3944-9014,ソフトバンク
門脇 雅之,かどわき まさゆき,Male,63,1953/6/8,既婚,宮城県,080-2008-3239,au
瀬戸 充則,せと みつのり,Male,52,1964/7/7,既婚,東京都,090-7433-3636,ドコモ
宇野 あき,うの あき,Female,50,1966/8/2,既婚,三重県,080-8657-4751,ドコモ
市村 隆博,いちむら たかひろ,Male,79,1936/12/4,既婚,愛知県,090-9419-7717,ドコモ
玉城 由樹,たまき ゆき,Female,21,1994/12/7,未婚,兵庫県,090-7218-6905,ソフトバンク
根本 瞬,ねもと しゅん,Female,47,1969/4/19,既婚,東京都,080-9984-5565,ドコモ
大平 敏和,おおひら としかず,Male,66,1950/3/8,既婚,京都府,090-7320-9116,ドコモ
南部 明日,なんぶ めいび,Female,44,1971/11/5,未婚,福岡県,080-4303-9730,ドコモ
はしの 勇一,はしの ゆういち,Male,56,1960/4/16,既婚,北海道,080-7170-8941,ドコモ
下山 千夏,しもやま ちなつ,Female,75,1941/6/7,既婚,長野県,090-5769-7864,ドコモ
余 竜也,よ たつや,Male,47,1969/7/22,既婚,鹿児島県,080-6044-8317,ドコモ
中野 慎之介,なかの しんのすけ,Male,33,1983/1/27,未婚,富山県,080-2520-6578,ドコモ
坂下 仁晶,さかした ひろあき,Male,28,1987/10/19,未婚,北海道,090- 349-2896,ソフトバンク
出口 未來,でぐち みらい,Male,35,1981/7/5,既婚,石川県,080-5236- 303,ドコモ
大河内 玲那,おおこうち れな,Female,42,1974/1/31,既婚,千葉県,080-8215-1226,ドコモ
広田 勝久,ひろた かつひさ,Male,65,1951/5/19,既婚,神奈川県,090-7866-7992,au
熊本 隆,くまもと たかし,Male,22,1994/4/19,未婚,広島県,080-1784-6367,au
志村 美帆,しむら みほ,Female,35,1981/4/23,既婚,東京都,080- 109-   8,ドコモ
安永 啓介,やすなが けいすけ,Male,36,1980/1/28,既婚,岐阜県,090-9078-8189,ドコモ
志田 真希,しだ まき,Female,73,1943/5/7,既婚,群馬県,090-1137-1705,ドコモ
妻夫木 雅彦,つまぶき まさひこ,Male,68,1948/9/8,既婚,福井県,090-8370-9841,ソフトバンク
今村 浩介,いまむら こうすけ,Male,47,1969/7/9,既婚,兵庫県,090-8085-9128,ドコモ
石井 高史,いしい たかし,Male,66,1950/5/7,既婚,石川県,090-7576-6871,ソフトバンク
高沢 涼子,たかさわ りょうこ,Female,54,1962/9/21,既婚,大分県,090- 387-5777,au
森川 瑠璃亜,もりかわ るりあ,Female,66,1949/10/14,既婚,千葉県,080-9132-2121,ドコモ
宮脇 昌代,みやわき まさよ,Female,60,1955/12/16,未婚,埼玉県,090-1946-7670,au
池田 あさみ,いけだ あさみ,Female,65,1951/4/11,既婚,東京都,080-7251-3890,ドコモ
石垣 沙知絵,いしがき さちえ,Female,69,1946/11/14,既婚,東京都,090-7525-6856,ドコモ
西原 敏和,にしはら としかず,Male,37,1979/2/28,既婚,神奈川県,090-9297-8857,au
砂川 晴臣,すなかわ はるおみ,Male,44,1972/9/24,既婚,愛媛県,090-7583-1158,au
山岸 さやか,やまぎし さやか,Female,34,1982/8/15,未婚,岡山県,090-6322-5010,ドコモ
熊本 一輝,くまもと かずき,Male,56,1960/5/5,既婚,宮崎県,090-7009- 264,ドコモ
長田 さんま,ながた さんま,Male,67,1948/10/27,既婚,福岡県,090-9525-3214,ソフトバンク
宇都宮 小雁,うつのみや こがん,Male,40,1976/1/25,既婚,大阪府,090-7929-5248,ドコモ
芳賀 たかお,はが たかお,Male,64,1952/8/8,既婚,奈良県,090-9553-9159,ドコモ
白石 みき,しらいし みき,Female,42,1973/11/25,既婚,兵庫県,090-4888- 317,ドコモ
倉本 まなみ,くらもと まなみ,Female,40,1975/11/4,既婚,熊本県,090-4196- 194,ドコモ
江崎 勇介,えざき ゆうすけ,Male,22,1994/8/27,未婚,埼玉県,090-2280-1967,ドコモ
岡島 隆,おかじま たかし,Male,42,1973/12/11,既婚,東京都,090-7031-4058,ツーカー
大石 景子,おおいし けいこ,Female,34,1982/7/11,既婚,愛知県,090-8910-1758,au
志水 克実,しみず かつみ,Male,31,1985/5/14,既婚,沖縄県,090-5086-8633,ドコモ
川原 美紀,かわはら みき,Female,56,1959/10/19,既婚,神奈川県,090-3013-4710,ドコモ
海音寺 希,かいおんじ のぞみ,Female,50,1965/12/12,既婚,三重県,080-7472-3727,ドコモ
平井 サダヲ,ひらい さだお,Male,59,1957/4/8,既婚,愛知県,080-2960-5732,ドコモ
篠田 薫,しのだ かおる,Female,61,1955/7/11,既婚,福島県,090-9328-7408,au
岡田 努,おかだ つとむ,Male,69,1947/9/10,既婚,東京都,090-4175-1648,ドコモ
小木 隆之介,おぎ りゅうのすけ,Male,63,1952/10/10,既婚,栃木県,090-6172- 637,ドコモ
岩本 将也,いわもと まさや,Male,46,1969/12/5,既婚,秋田県,080-1563-6169,ドコモ
吉田 光臣,よしだ みつおみ,Male,73,1943/3/24,既婚,愛知県,090-3010-4860,au
葛西 みあ,かさい みあ,Female,26,1990/8/11,既婚,神奈川県,080-8955-9696,au
余 寛治,よ かんじ,Male,27,1989/6/21,未婚,東京都,090- 215-7795,au
島崎 太朗,しまざき たろう,Male,42,1973/12/12,未婚,長崎県,080-2685-4996,ソフトバンク
